"Level","ProvinceID","Province","MunicipalityID","Municipality","Male","Female","Total","ScrapedOn"
"National","","","","","13071400","16151652","29223052","2026-09-22"
"Province","1","Eastern Cape","","","1582930","2044819","3627749","2026-09-22"
"Municipality","1","Eastern Cape","1117","BUF - Buffalo City","198383","260181","458564","2026-09-22"
"Municipality","1","Eastern Cape","1102","EC101 - Dr. Beyers Naude","19347","23874","43221","2026-09-22"
"Municipality","1","Eastern Cape","1103","EC102 - Blue Crane Route","8802","10519","19321","2026-09-22"
"Municipality","1","Eastern Cape","1105","EC104 - Makana","20151","26917","47068","2026-09-22"
"Municipality","1","Eastern Cape","1106","EC105 - Ndlambe","16790","20977","37767","2026-09-22"
"Municipality","1","Eastern Cape","1107","EC106 - Sundays River Valley","12786","14533","27319","2026-09-22"
"Municipality","1","Eastern Cape","1109","EC108 - Kouga","31235","37157","68392","2026-09-22"
"Municipality","1","Eastern Cape","1110","EC109 - Kou-Kamma","11535","12423","23958","2026-09-22"
"Municipality","1","Eastern Cape","1113","EC121 - Mbhashe","55951","77683","133634","2026-09-22"
"Municipality","1","Eastern Cape","1114","EC122 - Mnquma","54085","70168","124253","2026-09-22"
"Municipality","1","Eastern Cape","1115","EC123 - Great Kei","9692","11115","20807","2026-09-22"
"Municipality","1","Eastern Cape","1116","EC124 - Amahlathi","23092","27187","50279","2026-09-22"
"Municipality","1","Eastern Cape","1118","EC126 - Ngqushwa","17538","20449","37987","2026-09-22"
"Municipality","1","Eastern Cape","1147","EC129 - Raymond Mhlaba","40443","49560","90003","2026-09-22"
"Municipality","1","Eastern Cape","1122","EC131 - Inxuba Yethemba","14929","18193","33122","2026-09-22"
"Municipality","1","Eastern Cape","1126","EC135 - Intsika Yethu","35870","43452","79322","2026-09-22"
"Municipality","1","Eastern Cape","1127","EC136 - Emalahleni","29226","34918","64144","2026-09-22"
"Municipality","1","Eastern Cape","1128","EC137 - Dr. A.B. Xuma","32748","45111","77859","2026-09-22"
"Municipality","1","Eastern Cape","1129","EC138 - Sakhisizwe","15611","18413","34024","2026-09-22"
"Municipality","1","Eastern Cape","1149","EC139 - Enoch Mgijima","56328","71838","128166","2026-09-22"
"Municipality","1","Eastern Cape","1131","EC141 - Elundini","30245","36552","66797","2026-09-22"
"Municipality","1","Eastern Cape","1132","EC142 - Senqu","29929","38519","68448","2026-09-22"
"Municipality","1","Eastern Cape","1148","EC145 - Walter Sisulu","18494","22920","41414","2026-09-22"
"Municipality","1","Eastern Cape","1138","EC153 - Ngquza Hill","67452","89572","157024","2026-09-22"
"Municipality","1","Eastern Cape","1139","EC154 - Port St Johns","42492","54394","96886","2026-09-22"
"Municipality","1","Eastern Cape","1140","EC155 - Nyandeni","65432","88248","153680","2026-09-22"
"Municipality","1","Eastern Cape","1141","EC156 - Kumkani Mhlontlo","45673","57593","103266","2026-09-22"
"Municipality","1","Eastern Cape","1142","EC157 - King Sabata Dalindyebo","103149","146139","249288","2026-09-22"
"Municipality","1","Eastern Cape","4034","EC441 - Matatiele","47011","60442","107453","2026-09-22"
"Municipality","1","Eastern Cape","1031","EC442 - Umzimvubu","51417","65812","117229","2026-09-22"
"Municipality","1","Eastern Cape","1136","EC443 - Winnie Madikizela-Mandela","63610","89209","152819","2026-09-22"
"Municipality","1","Eastern Cape","1137","EC444 - Ntabankulu","34351","43431","77782","2026-09-22"
"Municipality","1","Eastern Cape","1001","NMA - Nelson Mandela Bay","279133","357320","636453","2026-09-22"
"Province","2","Free State","","","681943","851084","1533027","2026-09-22"
"Municipality","2","Free State","2202","FS161 - Letsemeng","9707","11523","21230","2026-09-22"
"Municipality","2","Free State","2203","FS162 - Kopanong","12238","15004","27242","2026-09-22"
"Municipality","2","Free State","2204","FS163 - Mohokare","8681","11238","19919","2026-09-22"
"Municipality","2","Free State","2210","FS181 - Masilonyana","15075","17503","32578","2026-09-22"
"Municipality","2","Free State","2211","FS182 - Tokologo","6975","8326","15301","2026-09-22"
"Municipality","2","Free State","2212","FS183 - Tswelopele","12600","15494","28094","2026-09-22"
"Municipality","2","Free State","2213","FS184 - Matjhabeng","93712","112727","206439","2026-09-22"
"Municipality","2","Free State","2214","FS185 - Nala","19155","23747","42902","2026-09-22"
"Municipality","2","Free State","2216","FS191 - Setsoto","25957","34139","60096","2026-09-22"
"Municipality","2","Free State","2217","FS192 - Dihlabeng","34851","42709","77560","2026-09-22"
"Municipality","2","Free State","2218","FS193 - Nketoana","14244","18624","32868","2026-09-22"
"Municipality","2","Free State","2219","FS194 - Maluti a Phofung","79898","109999","189897","2026-09-22"
"Municipality","2","Free State","2220","FS195 - Phumelela","11734","14257","25991","2026-09-22"
"Municipality","2","Free State","2208","FS196 - Mantsopa","13723","16658","30381","2026-09-22"
"Municipality","2","Free State","2222","FS201 - Moqhaka","37082","44670","81752","2026-09-22"
"Municipality","2","Free State","2223","FS203 - Ngwathe","22845","29310","52155","2026-09-22"
"Municipality","2","Free State","2224","FS204 - Metsimaholo","51645","57503","109148","2026-09-22"
"Municipality","2","Free State","2225","FS205 - Mafube","14132","18037","32169","2026-09-22"
"Municipality","2","Free State","2207","MAN - Mangaung","197689","249616","447305","2026-09-22"
"Province","3","Gauteng","","","3158620","3591135","6749755","2026-09-22"
"Municipality","3","Gauteng","3002","EKU - Ekurhuleni","820951","890786","1711737","2026-09-22"
"Municipality","3","Gauteng","3302","GT421 - Emfuleni","167625","203915","371540","2026-09-22"
"Municipality","3","Gauteng","3303","GT422 - Midvaal","31997","34274","66271","2026-09-22"
"Municipality","3","Gauteng","3304","GT423 - Lesedi","25543","30196","55739","2026-09-22"
"Municipality","3","Gauteng","3040","GT481 - Mogale City","95212","107035","202247","2026-09-22"
"Municipality","3","Gauteng","3039","GT484 - Merafong City","49170","49728","98898","2026-09-22"
"Municipality","3","Gauteng","3332","GT485 - Rand West City","67825","74156","141981","2026-09-22"
"Municipality","3","Gauteng","3003","JHB - City of Johannesburg","1126755","1290630","2417385","2026-09-22"
"Municipality","3","Gauteng","3004","TSH - City of Tshwane","773542","910415","1683957","2026-09-22"
"Province","4","KwaZulu-Natal","","","2629740","3399084","6028824","2026-09-22"
"Municipality","4","KwaZulu-Natal","4005","ETH - eThekwini","916198","1115674","2031872","2026-09-22"
"Municipality","4","KwaZulu-Natal","4403","KZN212 - uMdoni","36911","47534","84445","2026-09-22"
"Municipality","4","KwaZulu-Natal","4404","KZN213 - uMzumbe","36715","47885","84600","2026-09-22"
"Municipality","4","KwaZulu-Natal","4405","KZN214 - uMuziwabantu","22150","29960","52110","2026-09-22"
"Municipality","4","KwaZulu-Natal","4407","KZN216 - Ray Nkonyeni","87428","113748","201176","2026-09-22"
"Municipality","4","KwaZulu-Natal","4409","KZN221 - uMshwathi","27581","34590","62171","2026-09-22"
"Municipality","4","KwaZulu-Natal","4410","KZN222 - uMngeni","27245","34329","61574","2026-09-22"
"Municipality","4","KwaZulu-Natal","4411","KZN223 - Mpofana","8550","10096","18646","2026-09-22"
"Municipality","4","KwaZulu-Natal","4412","KZN224 - iMpendle","8129","10466","18595","2026-09-22"
"Municipality","4","KwaZulu-Natal","4413","KZN225 - Msunduzi","159493","206661","366154","2026-09-22"
"Municipality","4","KwaZulu-Natal","4414","KZN226 - Mkhambathini","20091","24490","44581","2026-09-22"
"Municipality","4","KwaZulu-Natal","4415","KZN227 - Richmond","16781","21710","38491","2026-09-22"
"Municipality","4","KwaZulu-Natal","4421","KZN235 - Okhahlamba","28380","40333","68713","2026-09-22"
"Municipality","4","KwaZulu-Natal","4461","KZN237 - iNkosi Langalibalele","45617","64527","110144","2026-09-22"
"Municipality","4","KwaZulu-Natal","4462","KZN238 - Alfred Duma","75335","105923","181258","2026-09-22"
"Municipality","4","KwaZulu-Natal","4426","KZN241 - eNdumeni","15786","20128","35914","2026-09-22"
"Municipality","4","KwaZulu-Natal","4427","KZN242 - Nqutu","36184","52220","88404","2026-09-22"
"Municipality","4","KwaZulu-Natal","4429","KZN244 - uMsinga","36073","62034","98107","2026-09-22"
"Municipality","4","KwaZulu-Natal","4430","KZN245 - uMvoti","25678","39944","65622","2026-09-22"
"Municipality","4","KwaZulu-Natal","4432","KZN252 - Newcastle","87617","113811","201428","2026-09-22"
"Municipality","4","KwaZulu-Natal","4433","KZN253 - eMadlangeni","8321","9367","17688","2026-09-22"
"Municipality","4","KwaZulu-Natal","4434","KZN254 - Dannhauser","24922","32229","57151","2026-09-22"
"Municipality","4","KwaZulu-Natal","4436","KZN261 - eDumbe","19828","24760","44588","2026-09-22"
"Municipality","4","KwaZulu-Natal","4437","KZN262 - uPhongolo","32076","41257","73333","2026-09-22"
"Municipality","4","KwaZulu-Natal","4438","KZN263 - AbaQulusi","49130","63432","112562","2026-09-22"
"Municipality","4","KwaZulu-Natal","4439","KZN265 - Nongoma","44992","65186","110178","2026-09-22"
"Municipality","4","KwaZulu-Natal","4440","KZN266 - Ulundi","42510","61108","103618","2026-09-22"
"Municipality","4","KwaZulu-Natal","4442","KZN271 - uMhlabuyalingana","42638","60845","103483","2026-09-22"
"Municipality","4","KwaZulu-Natal","4443","KZN272 - Jozini","51695","69484","121179","2026-09-22"
"Municipality","4","KwaZulu-Natal","4446","KZN275 - Inkosi uMtubatuba","48787","63592","112379","2026-09-22"
"Municipality","4","KwaZulu-Natal","4463","KZN276 - Big Five Hlabisa","26865","36454","63319","2026-09-22"
"Municipality","4","KwaZulu-Natal","4449","KZN281 - uMfolozi","36591","44492","81083","2026-09-22"
"Municipality","4","KwaZulu-Natal","4450","KZN282 - uMhlathuze","98999","119136","218135","2026-09-22"
"Municipality","4","KwaZulu-Natal","4452","KZN284 - uMlalazi","49103","69213","118316","2026-09-22"
"Municipality","4","KwaZulu-Natal","4453","KZN285 - Mthonjaneni","20719","29205","49924","2026-09-22"
"Municipality","4","KwaZulu-Natal","4454","KZN286 - Nkandla","26663","39799","66462","2026-09-22"
"Municipality","4","KwaZulu-Natal","4456","KZN291 - Mandeni","36662","48223","84885","2026-09-22"
"Municipality","4","KwaZulu-Natal","4457","KZN292 - KwaDukuza","77790","90221","168011","2026-09-22"
"Municipality","4","KwaZulu-Natal","4458","KZN293 - Ndwedwe","35864","46054","81918","2026-09-22"
"Municipality","4","KwaZulu-Natal","4459","KZN294 - Maphumulo","22212","33542","55754","2026-09-22"
"Municipality","4","KwaZulu-Natal","4035","KZN433 - Greater Kokstad","22272","26479","48751","2026-09-22"
"Municipality","4","KwaZulu-Natal","4036","KZN434 - Johannes Phumani Pungula","26483","35675","62158","2026-09-22"
"Municipality","4","KwaZulu-Natal","1030","KZN435 - uMzimkhulu","39406","58610","98016","2026-09-22"
"Municipality","4","KwaZulu-Natal","4464","KZN436 - Dr. Nkosazana Dlamini Zuma","27270","34658","61928","2026-09-22"
"Province","7","Limpopo","","","1282344","1754601","3036945","2026-09-22"
"Municipality","7","Limpopo","7702","LIM331 - Greater Giyani","60132","87634","147766","2026-09-22"
"Municipality","7","Limpopo","7703","LIM332 - Greater Letaba","54742","80962","135704","2026-09-22"
"Municipality","7","Limpopo","7704","LIM333 - Greater Tzaneen","86263","120804","207067","2026-09-22"
"Municipality","7","Limpopo","7705","LIM334 - Ba-Phalaborwa","40429","50537","90966","2026-09-22"
"Municipality","7","Limpopo","7028","LIM335 - Maruleng","27493","37002","64495","2026-09-22"
"Municipality","7","Limpopo","7707","LIM341 - Musina","23975","29817","53792","2026-09-22"
"Municipality","7","Limpopo","7709","LIM343 - Thulamela","106875","154200","261075","2026-09-22"
"Municipality","7","Limpopo","7710","LIM344 - Makhado","85108","123405","208513","2026-09-22"
"Municipality","7","Limpopo","7726","LIM345 - Collins Chabane","76222","114548","190770","2026-09-22"
"Municipality","7","Limpopo","7712","LIM351 - Blouberg","38585","57109","95694","2026-09-22"
"Municipality","7","Limpopo","7714","LIM353 - Molemole","28677","40281","68958","2026-09-22"
"Municipality","7","Limpopo","7715","LIM354 - Polokwane","162655","220694","383349","2026-09-22"
"Municipality","7","Limpopo","7716","LIM355 - Lepele-Nkumpi","51151","76296","127447","2026-09-22"
"Municipality","7","Limpopo","7718","LIM361 - Thabazimbi","31439","23123","54562","2026-09-22"
"Municipality","7","Limpopo","7719","LIM362 - Lephalale","38101","38741","76842","2026-09-22"
"Municipality","7","Limpopo","7722","LIM366 - Bela-Bela","16767","19660","36427","2026-09-22"
"Municipality","7","Limpopo","7723","LIM367 - Mogalakwena","68872","94464","163336","2026-09-22"
"Municipality","7","Limpopo","7724","LIM368 - Modimolle-Mookgophong","27604","32416","60020","2026-09-22"
"Municipality","7","Limpopo","5020","LIM471 - Ephraim Mogale","29610","39336","68946","2026-09-22"
"Municipality","7","Limpopo","5021","LIM472 - Elias Motsoaledi","60587","81232","141819","2026-09-22"
"Municipality","7","Limpopo","7023","LIM473 - Makhuduthamaga","62571","93531","156102","2026-09-22"
"Municipality","7","Limpopo","7725","LIM476 - Fetakgomo Tubatse","104486","138809","243295","2026-09-22"
"Province","5","Mpumalanga","","","981128","1188558","2169686","2026-09-22"
"Municipality","5","Mpumalanga","5502","MP301 - Chief Albert Luthuli","45954","58260","104214","2026-09-22"
"Municipality","5","Mpumalanga","5503","MP302 - Msukaligwa","35093","41909","77002","2026-09-22"
"Municipality","5","Mpumalanga","5504","MP303 - Mkhondo","34923","45111","80034","2026-09-22"
"Municipality","5","Mpumalanga","5505","MP304 - Dr Pixley Ka Isaka Seme","19949","24595","44544","2026-09-22"
"Municipality","5","Mpumalanga","5506","MP305 - Lekwa","25956","30749","56705","2026-09-22"
"Municipality","5","Mpumalanga","5507","MP306 - Dipaleseng","10644","12235","22879","2026-09-22"
"Municipality","5","Mpumalanga","5508","MP307 - Govan Mbeki","76432","78614","155046","2026-09-22"
"Municipality","5","Mpumalanga","5510","MP311 - Victor Khanye","19912","21129","41041","2026-09-22"
"Municipality","5","Mpumalanga","5511","MP312 - Emalahleni","110784","108796","219580","2026-09-22"
"Municipality","5","Mpumalanga","5512","MP313 - Steve Tshwete","59801","62402","122203","2026-09-22"
"Municipality","5","Mpumalanga","5513","MP314 - Emakhazeni","13306","14488","27794","2026-09-22"
"Municipality","5","Mpumalanga","5514","MP315 - Thembisile Hani","73068","95882","168950","2026-09-22"
"Municipality","5","Mpumalanga","5515","MP316 - Dr JS Moroka","58073","75616","133689","2026-09-22"
"Municipality","5","Mpumalanga","5517","MP321 - Thaba Chweu","27512","30075","57587","2026-09-22"
"Municipality","5","Mpumalanga","5520","MP324 - Nkomazi","86822","115672","202494","2026-09-22"
"Municipality","5","Mpumalanga","7027","MP325 - Bushbuckridge","121296","171926","293222","2026-09-22"
"Municipality","5","Mpumalanga","5524","MP326 - City of Mbombela","161603","201099","362702","2026-09-22"
"Province","8","North West","","","895468","1011561","1907029","2026-09-22"
"Municipality","8","North West","8802","NW371 - Moretele","47855","59127","106982","2026-09-22"
"Municipality","8","North West","8803","NW372 - Madibeng","122862","131590","254452","2026-09-22"
"Municipality","8","North West","8804","NW373 - Rustenburg","172926","151573","324499","2026-09-22"
"Municipality","8","North West","8805","NW374 - Kgetlengrivier","11666","13400","25066","2026-09-22"
"Municipality","8","North West","8806","NW375 - Moses Kotane","64129","73652","137781","2026-09-22"
"Municipality","8","North West","8808","NW381 - Ratlou","24461","31524","55985","2026-09-22"
"Municipality","8","North West","8809","NW382 - Tswaing","25608","30054","55662","2026-09-22"
"Municipality","8","North West","8810","NW383 - Mafikeng","66136","84081","150217","2026-09-22"
"Municipality","8","North West","8811","NW384 - Ditsobotla","37213","43201","80414","2026-09-22"
"Municipality","8","North West","8812","NW385 - Ramotshere Moiloa","34034","43591","77625","2026-09-22"
"Municipality","8","North West","8815","NW392 - Naledi","17428","20186","37614","2026-09-22"
"Municipality","8","North West","8816","NW393 - Mamusa","15427","18140","33567","2026-09-22"
"Municipality","8","North West","8817","NW394 - Greater Taung","43445","56213","99658","2026-09-22"
"Municipality","8","North West","8819","NW396 - Lekwa-Teemane","13577","15689","29266","2026-09-22"
"Municipality","8","North West","8825","NW397 - Kagisano-Molopo","27078","34716","61794","2026-09-22"
"Municipality","8","North West","8823","NW403 - Matlosana","92309","109908","202217","2026-09-22"
"Municipality","8","North West","8824","NW404 - Maquassi Hills","19452","22777","42229","2026-09-22"
"Municipality","8","North West","8826","NW405 - JB Marks","59862","72139","132001","2026-09-22"
"Province","6","Northern Cape","","","333265","380425","713690","2026-09-22"
"Municipality","6","Northern Cape","6602","NC061 - RICHTERSVELD","3881","3808","7689","2026-09-22"
"Municipality","6","Northern Cape","6603","NC062 - NAMA KHOI","14628","16494","31122","2026-09-22"
"Municipality","6","Northern Cape","6604","NC064 - KAMIESBERG","3893","3820","7713","2026-09-22"
"Municipality","6","Northern Cape","6605","NC065 - HANTAM","7031","7744","14775","2026-09-22"
"Municipality","6","Northern Cape","6606","NC066 - KAROO HOOGLAND","3773","3986","7759","2026-09-22"
"Municipality","6","Northern Cape","6607","NC067 - KH&#226;I-MA","4973","4193","9166","2026-09-22"
"Municipality","6","Northern Cape","6610","NC071 - UBUNTU","4926","5672","10598","2026-09-22"
"Municipality","6","Northern Cape","6611","NC072 - UMSOBOMVU","8212","9255","17467","2026-09-22"
"Municipality","6","Northern Cape","6612","NC073 - EMTHANJENI","11448","13278","24726","2026-09-22"
"Municipality","6","Northern Cape","6613","NC074 - KAREEBERG","3783","4344","8127","2026-09-22"
"Municipality","6","Northern Cape","6614","NC075 - RENOSTERBERG","3576","3895","7471","2026-09-22"
"Municipality","6","Northern Cape","6615","NC076 - THEMBELIHLE","4753","5348","10101","2026-09-22"
"Municipality","6","Northern Cape","6616","NC077 - SIYATHEMBA","6604","7108","13712","2026-09-22"
"Municipality","6","Northern Cape","6617","NC078 - SIYANCUMA","9484","11027","20511","2026-09-22"
"Municipality","6","Northern Cape","6621","NC082 - KAI !GARIB","17114","17867","34981","2026-09-22"
"Municipality","6","Northern Cape","6623","NC084 - !KHEIS","5364","5814","11178","2026-09-22"
"Municipality","6","Northern Cape","6624","NC085 - TSANTSABANE","12086","11321","23407","2026-09-22"
"Municipality","6","Northern Cape","6625","NC086 - KGATELOPELE","4743","5011","9754","2026-09-22"
"Municipality","6","Northern Cape","6627","NC087 - Dawid Kruiper","30360","34788","65148","2026-09-22"
"Municipality","6","Northern Cape","6046","NC091 - Sol Plaatje","63533","78512","142045","2026-09-22"
"Municipality","6","Northern Cape","6047","NC092 - Dikgatlong","11152","12875","24027","2026-09-22"
"Municipality","6","Northern Cape","6048","NC093 - Magareng","5944","6946","12890","2026-09-22"
"Municipality","6","Northern Cape","6045","NC094 - Phokwane","16067","18963","35030","2026-09-22"
"Municipality","6","Northern Cape","6015","NC451 - Joe Morolong","26424","33002","59426","2026-09-22"
"Municipality","6","Northern Cape","6012","NC452 - GA-SEGONYANA","31288","38555","69843","2026-09-22"
"Municipality","6","Northern Cape","6013","NC453 - GAMAGARA","18225","16799","35024","2026-09-22"
"Province","9","Western Cape","","","1525962","1930385","3456347","2026-09-22"
"Municipality","9","Western Cape","9006","CPT - City of Cape Town","937580","1220858","2158438","2026-09-22"
"Municipality","9","Western Cape","9902","WC011 - Matzikama","16774","19549","36323","2026-09-22"
"Municipality","9","Western Cape","9903","WC012 - Cederberg","13943","15769","29712","2026-09-22"
"Municipality","9","Western Cape","9904","WC013 - Bergrivier","14908","18027","32935","2026-09-22"
"Municipality","9","Western Cape","9905","WC014 - Saldanha Bay","35044","41024","76068","2026-09-22"
"Municipality","9","Western Cape","9906","WC015 - Swartland","26115","32567","58682","2026-09-22"
"Municipality","9","Western Cape","9909","WC022 - Witzenberg","24983","28231","53214","2026-09-22"
"Municipality","9","Western Cape","9910","WC023 - Drakenstein","64527","81845","146372","2026-09-22"
"Municipality","9","Western Cape","9911","WC024 - Stellenbosch","47980","58293","106273","2026-09-22"
"Municipality","9","Western Cape","9912","WC025 - Breede Valley","37348","47489","84837","2026-09-22"
"Municipality","9","Western Cape","9913","WC026 - Langeberg","21506","27037","48543","2026-09-22"
"Municipality","9","Western Cape","9916","WC031 - Theewaterskloof","31464","34514","65978","2026-09-22"
"Municipality","9","Western Cape","9917","WC032 - Overstrand","31537","38494","70031","2026-09-22"
"Municipality","9","Western Cape","9918","WC033 - Cape Agulhas","10562","12623","23185","2026-09-22"
"Municipality","9","Western Cape","9919","WC034 - Swellendam","11241","12694","23935","2026-09-22"
"Municipality","9","Western Cape","9922","WC041 - Kannaland","7431","8931","16362","2026-09-22"
"Municipality","9","Western Cape","9923","WC042 - Hessequa","16807","20188","36995","2026-09-22"
"Municipality","9","Western Cape","9924","WC043 - Mossel Bay","36478","43456","79934","2026-09-22"
"Municipality","9","Western Cape","9925","WC044 - George","55691","68097","123788","2026-09-22"
"Municipality","9","Western Cape","9926","WC045 - Oudtshoorn","25184","31264","56448","2026-09-22"
"Municipality","9","Western Cape","9927","WC047 - Bitou","16322","19612","35934","2026-09-22"
"Municipality","9","Western Cape","9928","WC048 - Knysna","22520","26411","48931","2026-09-22"
"Municipality","9","Western Cape","9931","WC051 - Laingsburg","2530","2755","5285","2026-09-22"
"Municipality","9","Western Cape","9932","WC052 - Prince Albert","4261","4473","8734","2026-09-22"
"Municipality","9","Western Cape","9933","WC053 - Beaufort West","13226","16184","29410","2026-09-22"
